ruleId,legacyBodyWas,canonicalBodyNow,severityKept,detectorDisposition
R01.5,"CRITICAL - Suspected cancer = ALWAYS apply Urgent Referral rules, even if the word ""urgent"" is absent.",Suspected cancer does not automatically define task type independently of the task/context; preserve urgency exactly as supported.,yes,neutralized-noop (this change)
R03.4,"CRITICAL - Smoking and drinking: ALWAYS include (positive or negative), EXCEPT when writing to an occupational therapist.",Smoking/alcohol are not universal always-include facts; relevance and reader needs control content.,yes,neutralized-noop (this change)
R03.6,"CRITICAL - Allergy: ALWAYS include (positive or negative) for atopic conditions (asthma, eczema, hay fever). For non-atopic conditions, include allergy only if relevant to the condition or its medication.","Allergy inclusion is relevance/safety driven; the atopic-condition rule is a heuristic, not an official absolute.",yes,neutralized-noop (this change)
R07.9,"Appositive clause: ""Ms Miller, a 25-year-old teacher, presented with..."" - use ""gentleman"" for males, ""lady"" for females (not man/woman). OET Writing Comprehensive Rulebook · The Tutor Book · Dr. Ahmed Hesham · @DrAhmedHesham 08 BODY PARAGRAPHS & VISIT STRUCTURE OET with Dr Hesham - AI Source of Truth v1.0 Medicine Writing FINAL MASTER Rule Book Canonical release: 31 Aug 2026 Page 48",Gentleman/lady is unnecessary and may be dated; use patient/person or an appropriate identifier.,yes,ai-grounded via corrected body (no detector)
R08.7,"CRITICAL - Next visit reference: ""on the following visit"" / ""later on"" / ""later that month"". NEVER ""next visit"".",Next visit is standard English; following visit may be stylistically preferable in some narratives but is not mandatory.,yes,already inert (prior work)
R10.8,"CRITICAL - Resolved conditions and surgery -> PAST SIMPLE. ""She had a cholecystectomy in 2018."" Never use present perfect for surgery.",Present perfect is valid with procedures when current relevance/no finished time supports it (has undergone).,yes,kept (already canonical semantics)
R10.12,"Past perfect (had + past participle): AVOID in OET. Alternative: ING form or noun. ""She reported non-compliance with the advice given.""",Past perfect is valid when needed to establish earlier-past chronology; do not ban it.,yes,ai-grounded via corrected body (no detector)
R10.13,"Reported speech - after reported/mentioned/stated/described: use ING or noun. ""She reported having headaches."" NOT ""...that she had had headaches.""","That-clauses are grammatically valid after report/state/mention; gerund/noun forms are alternatives, not the only forms.",yes,ai-grounded via corrected body (no detector)
R11.8,"CRITICAL - Always include numerical values with units when given. Example: ""glucose of 7.8 mmol/L."" Never write the reference range.",Do not always include every numerical value; include values that are relevant to purpose/reader and preserve units accurately.,yes,kept (already canonical semantics)
R11.11,"Clinic scheduling fractions: 1/4 = once a week; 1/12 = once a year; 3/52 = three times a year; 3/7 = three times a week; 8/24 = eight-hourly; 12/24 = twice a day. OET Writing Comprehensive Rulebook · The Tutor Book · Dr. Ahmed Hesham · @DrAhmedHesham 12 GRAMMAR, VOCABULARY & LINKERS OET with Dr Hesham - AI Source of Truth v1.0 Medicine Writing FINAL MASTER Rule Book Canonical release: 31 Aug 2026 Page 52",Legacy fraction conversions are unsafe/incorrect as a universal rule; interpret source notation from context and never guess.,yes,ai-grounded via corrected body (no detector)
R12.2,"CRITICAL - Never use the word ""patient"" in the body. Use last name + title, or a pronoun.",The word patient is not grammatically or officially forbidden; use names/pronouns/patient according to clarity and style.,yes,already inert (prior work)
R12.4,"Replace ""tired"" with ""fatigue."" Replace ""bad"" with ""poor"" or ""inadequate."" No colloquial language.",Do not replace tired with fatigue automatically; they can differ in meaning and register.,yes,ai-grounded via corrected body (no detector)
R12.9,"CRITICAL - ""However"": always preceded by semicolon; comma follows. Pattern: ""[clause]; however, [clause].""",However can start a sentence or follow a semicolon; no single punctuation pattern is mandatory.,yes,kept (already canonical semantics)
R12.10,"""Therefore"" / ""Thus"": preceded by semicolon; comma follows. Pattern: ""[clause]; therefore, [clause].""",Therefore/thus have more than one correct punctuation pattern; apply standard punctuation by sentence structure.,yes,kept (already canonical semantics)
R12.11,"""In addition"" (joining two complete clauses): semicolon before + comma after. ""[Clause]; in addition, [clause].""",In addition can be sentence-initial or clause-linked; do not require a semicolon in every case.,yes,kept (already canonical semantics)
R12.16,"""As"" (meaning because) in mid-sentence: comma before. ""Treatment was changed, as the patient showed no improvement.""","A comma before causal as is context-dependent, not universal.",yes,ai-grounded via corrected body (no detector)
R12.17,"""For which"": comma before. ""She has hypertension, for which she was commenced on amlodipine.""",Comma before for which depends on whether the relative clause is non-restrictive; not every occurrence needs one.,yes,ai-grounded via corrected body (no detector)
R12.21,"Appositive: between two commas. ""Ms Miller, a 25-year-old teacher, presented with..."" Use ""gentleman"" / ""lady"" (not man/woman).",Gentleman/lady is not required; use neutral professional identifiers.,yes,ai-grounded via corrected body (no detector)
R13.6,"CRITICAL - Any ongoing medical condition with active medications MUST be mentioned, even if unrelated to the urgent issue.",Do not include every active condition/medicine automatically; relevance and continuity/safety govern inclusion.,yes,ai-grounded via corrected body (no detector)
R14.4,"CRITICAL - Do NOT include: family history, social history, smoking/drinking, previous medical history, occupation. GP knows all of this.",Social/family/past history can be relevant to discharge if it changed or affects ongoing care; do not exclude categorically.,yes,neutralized-noop (this change)
R14.9,CRITICAL - All investigations performed during admission (including normal results) MUST be listed with values.,Do not list all investigations including all normal results; select what the reader needs.,yes,neutralized-noop (this change)
R14.13,Past tense throughout (all events occurred during admission).,"Discharge letters use tense according to time: past for admission events, present for current status, future/modal for plan.",yes,ai-grounded via corrected body (no detector)
R15.2,"CRITICAL - Do NOT use medical jargon. Translate: ""hypertension"" -> ""high blood pressure""; avoid abbreviations like ""BP"" unless previously spelled out.",Technicality should match the recipient. Allied-health professionals may understand clinical terminology; explain/simplify for the actual reader.,yes,neutralized-noop (this change)
R16.3,CRITICAL - Most heavily weighted for pass/fail: Content and Conciseness & Clarity.,OET does not publish a simple pass/fail weighting formula that makes two criteria universally decisive.,yes,ai-grounded via corrected body (no detector)
R16.6,Required score: approximately Band 6+ in most criteria; at least Band 2 out of 3 in Purpose.,Do not convert descriptors into a universal regulator pass threshold; regulator requirements vary.,yes,ai-grounded via corrected body (no detector)
R16.7,"CRITICAL - Examiner standard: ""Could this letter be sent in a real clinical setting?"" Yes = pass. No = fail.","Could this be sent clinically is a useful heuristic, not the official pass/fail formula.",yes,ai-grounded via corrected body (no detector)
