task_id,profession,letter_type,classification_method,is_canonical,task_title,pdf_filename,source_path,file_bytes,asset_role,ai_confidence,review_flag,pending_review,import_status,source_id,case_note_text,notes
W-0001,medicine,routine_referral,convention-parser-regex,yes,1- Routine Referral ( Mr Zach Foster ),Mr Zach Foster.pdf,OET Materials & Videos Data/Writing/Medicine/Arabic/December Batch/Workshops/Workshop Case Notes/1- Routine Referral ( Mr Zach Foster )/Mr Zach Foster.pdf,473022,CaseNotes-candidate,,,no,prepared-filesystem,4756888e9a74,,
W-0002,medicine,urgent_referral,convention-parser-regex,yes,2- Urgent Referral ( Joshua Vance ),Joshua Vance.jpeg,OET Materials & Videos Data/Writing/Medicine/Arabic/December Batch/Workshops/Workshop Case Notes/2- Urgent Referral ( Joshua Vance )/Joshua Vance.jpeg,107849,Supplementary,,,no,prepared-filesystem,b6e7fdbb936c,,
W-0003,medicine,update_discharge,importer-hint-map,yes,3- Discharge Letter ( Mrs Sylvia Meadows ),Mrs Sylvia Meadows.pdf,OET Materials & Videos Data/Writing/Medicine/Arabic/December Batch/Workshops/Workshop Case Notes/3- Discharge Letter ( Mrs Sylvia Meadows )/Mrs Sylvia Meadows.pdf,284328,CaseNotes-candidate,,,no,prepared-filesystem,caf3cdcb4007,,
W-0004,medicine,routine_referral,convention-parser-regex,yes,Workshops_ Case Notes,1- Mr James Seymour ( Routine Referral ).pdf,OET Materials & Videos Data/Writing/Medicine/Arabic/February Batch/Workshops/Workshops_ Case Notes/1- Mr James Seymour ( Routine Referral ).pdf,516244,CaseNotes-candidate,,,no,prepared-filesystem,ae702550dc4b,,
W-0005,medicine,urgent_referral,convention-parser-regex,yes,Workshops_ Case Notes,2-Mr David Thorne ( Urgent Referral ) - Case Notes.pdf,OET Materials & Videos Data/Writing/Medicine/Arabic/February Batch/Workshops/Workshops_ Case Notes/2-Mr David Thorne ( Urgent Referral ) - Case Notes.pdf,186677,CaseNotes,,,no,prepared-filesystem,ab7552944fe6,,
W-0006,medicine,routine_referral,convention-parser-regex,yes,Case Notes,Mr James Greenbaum - Case Notes ( Routine Referral to an Orthopaedic ).pdf,OET Materials & Videos Data/Writing/Medicine/English/Workshops/Case Notes/Mr James Greenbaum - Case Notes ( Routine Referral to an Orthopaedic ).pdf,1170490,CaseNotes,,,no,prepared-filesystem,a269e8358f7a,,
W-0007,medicine,Other,fallback-other,no,Corrected Letters,Mr James Greenbaum.pdf,OET Materials & Videos Data/Writing/Medicine/English/Workshops/Corrected Letters/Mr James Greenbaum.pdf,68026,CaseNotes-candidate,,needs_review,yes,prepared-filesystem,42da936e3ba9,,unclassified by deterministic rules; requires admin review before publish
W-0008,medicine,routine_referral,canonical-folder-map,yes,Writing 1 ( Routine Referral ),Ms Sarah Miller - Answer Sheet ( Routine Referral to a Dermatologist ).pdf,OET with Dr. Ahmed Hesham ( Medicine Only )/Writing_/Writing 1 ( Routine Referral )/Ms Sarah Miller - Answer Sheet ( Routine Referral to a Dermatologist ).pdf,614850,ModelAnswer,,,no,prepared-filesystem,688d195ffa62,,
W-0009,medicine,routine_referral,canonical-folder-map,yes,Writing 1 ( Routine Referral ),Ms Sarah Miller - Case Notes ( Routine Referral to Dermatologist..Pt with Acne & Rosacea ).pdf,OET with Dr. Ahmed Hesham ( Medicine Only )/Writing_/Writing 1 ( Routine Referral )/Ms Sarah Miller - Case Notes ( Routine Referral to Dermatologist..Pt with Acne & Rosacea ).pdf,629048,CaseNotes,,,no,prepared-filesystem,3d8b15bd98a9,,
W-0010,medicine,non_medical_referral,canonical-folder-map,yes,Writing 2 ( Referral to non medical profession as occupational therapist - manager of human supportive scheme - psychologist - radiographer ),Arthur Miller ( Human Scheme manager ) Case Notes .pdf,OET with Dr. Ahmed Hesham ( Medicine Only )/Writing_/Writing 2 ( Referral to non medical profession as occupational therapist - manager of human supportive scheme - psychologist - radiographer )/Arthur Miller ( Human Scheme manager ) Case Notes .pdf,208637,CaseNotes,,,no,prepared-filesystem,95a33386f917,,
W-0011,medicine,non_medical_referral,canonical-folder-map,yes,Writing 2 ( Referral to non medical profession as occupational therapist - manager of human supportive scheme - psychologist - radiographer ),Mr Arthur Miller - Answer Sheet.pdf,OET with Dr. Ahmed Hesham ( Medicine Only )/Writing_/Writing 2 ( Referral to non medical profession as occupational therapist - manager of human supportive scheme - psychologist - radiographer )/Mr Arthur Miller - Answer Sheet.pdf,90940,ModelAnswer,,,no,prepared-filesystem,13b6f61e0c4f,,
W-0012,medicine,urgent_referral,canonical-folder-map,yes,Writing 3 ( Urgent Referral ),Leo Bennett - Urgent Referral.pdf,OET with Dr. Ahmed Hesham ( Medicine Only )/Writing_/Writing 3 ( Urgent Referral )/Leo Bennett - Urgent Referral.pdf,214469,CaseNotes-candidate,,,no,prepared-filesystem,3bf0db5b8c28,,
W-0013,medicine,urgent_referral,canonical-folder-map,yes,Writing 3 ( Urgent Referral ),Leo Bennett ( Urgent Referral ) - Answer Sheet.pdf,OET with Dr. Ahmed Hesham ( Medicine Only )/Writing_/Writing 3 ( Urgent Referral )/Leo Bennett ( Urgent Referral ) - Answer Sheet.pdf,117086,ModelAnswer,,,no,prepared-filesystem,9ac482b5227e,,
W-0014,medicine,update_discharge,canonical-folder-map,yes,Writing 4 ( Update & Discharge to GP ),Mr Liam Sterling - Case Notes ( Update & Discharge Letter ).pdf,OET with Dr. Ahmed Hesham ( Medicine Only )/Writing_/Writing 4 ( Update & Discharge to GP )/Mr Liam Sterling - Case Notes ( Update & Discharge Letter ).pdf,136195,CaseNotes,,,no,prepared-filesystem,aa65b950d28c,,
W-0015,medicine,update_discharge,canonical-folder-map,yes,Writing 4 ( Update & Discharge to GP ),Mr Sterling - Answer Sheet ( Update & Discharge letter ).pdf,OET with Dr. Ahmed Hesham ( Medicine Only )/Writing_/Writing 4 ( Update & Discharge to GP )/Mr Sterling - Answer Sheet ( Update & Discharge letter ).pdf,156417,ModelAnswer,,,no,prepared-filesystem,4ea9c22475fc,,
W-0016,medicine,update_referral_specialist_to_gp,canonical-folder-map,yes,Writing 5 ( Update & Referral - From Specialist to GP or Dentist ),Mr Adam Wilson - Answer Sheet ( Update & Referral from ENT to Dentist ).pdf,OET with Dr. Ahmed Hesham ( Medicine Only )/Writing_/Writing 5 ( Update & Referral - From Specialist to GP or Dentist )/Mr Adam Wilson - Answer Sheet ( Update & Referral from ENT to Dentist ).pdf,98747,ModelAnswer,,,no,prepared-filesystem,5499baccae04,,
W-0017,medicine,update_referral_specialist_to_gp,canonical-folder-map,yes,Writing 5 ( Update & Referral - From Specialist to GP or Dentist ),Mr Adam Wilson - Case Notes ( Update & Referral from ENT to Dentist ).pdf,OET with Dr. Ahmed Hesham ( Medicine Only )/Writing_/Writing 5 ( Update & Referral - From Specialist to GP or Dentist )/Mr Adam Wilson - Case Notes ( Update & Referral from ENT to Dentist ).pdf,144611,CaseNotes,,,no,prepared-filesystem,cc55b7ecfd10,,
W-0018,all,Other,fallback-other,no,Writing RuleBook ( Medicine only ),Additional Hint - Writing Rulebook ( IMPORTANT NOTE = THIS HINT IS THE SAME FOR ALL PROFESSIONS ).pdf,OET with Dr. Ahmed Hesham ( Medicine Only )/Writing_/Writing RuleBook ( Medicine only )/Additional Hint - Writing Rulebook ( IMPORTANT NOTE = THIS HINT IS THE SAME FOR ALL PROFESSIONS ).pdf,3949702,Reference,,needs_review,yes,prepared-filesystem,1f66956289f6,,unclassified by deterministic rules; requires admin review before publish
W-0019,medicine,Other,fallback-other,no,Writing RuleBook ( Medicine only ),OET_Writing_Rulebook_FINAL ( For Medicine Only ).pdf,OET with Dr. Ahmed Hesham ( Medicine Only )/Writing_/Writing RuleBook ( Medicine only )/OET_Writing_Rulebook_FINAL ( For Medicine Only ).pdf,34709,Reference,,needs_review,yes,prepared-filesystem,5ab85b72cc6c,,unclassified by deterministic rules; requires admin review before publish
W-0020,dentistry,Other,fallback-other,no,Dentistry,Grammar Rules 1.pdf,OET/Materials ( To be Uploaded )/Writing/Dentistry/Grammar Rules 1.pdf,1481315,Reference,,needs_review,yes,prepared-filesystem,4991c656a440,,unclassified by deterministic rules; requires admin review before publish
W-0021,dentistry,Other,fallback-other,no,Dentistry,Grammar Rules 2.pdf,OET/Materials ( To be Uploaded )/Writing/Dentistry/Grammar Rules 2.pdf,151539,Reference,,needs_review,yes,prepared-filesystem,82d1af3af745,,unclassified by deterministic rules; requires admin review before publish
W-0022,dentistry,Other,fallback-other,no,Dentistry,OET Writing Dentistry Samples 1 to 5.pdf,OET/Materials ( To be Uploaded )/Writing/Dentistry/OET Writing Dentistry Samples 1 to 5.pdf,2814147,CaseNotes-candidate,,needs_review,yes,prepared-filesystem,b51b280e1e5a,,unclassified by deterministic rules; requires admin review before publish
W-0023,dentistry,Other,fallback-other,no,Dentistry,Writing Criteria.pdf,OET/Materials ( To be Uploaded )/Writing/Dentistry/Writing Criteria.pdf,131395,Reference,,needs_review,yes,prepared-filesystem,6c41a96bad37,,unclassified by deterministic rules; requires admin review before publish
W-0024,dentistry,Other,fallback-other,no,Dentistry,Writing-Booklet-Sample.pdf,OET/Materials ( To be Uploaded )/Writing/Dentistry/Writing-Booklet-Sample.pdf,181860,Reference,,needs_review,yes,prepared-filesystem,8b2c2b0cbf37,,unclassified by deterministic rules; requires admin review before publish
W-0025,medicine,Other,fallback-other,no,Medicine,50 Medical Writing Task Answers.pdf,OET/Materials ( To be Uploaded )/Writing/Medicine/50 Medical Writing Task Answers.pdf,1286856,CaseNotes-candidate,,needs_review,yes,prepared-filesystem,1b75d6faede0,,unclassified by deterministic rules; requires admin review before publish
W-0026,medicine,routine_referral,convention-parser-regex,yes,1- Routine Referral ( Mr James Greenbaum ),Mr James Greenbaum.pdf,OET/Materials ( To be Uploaded )/Writing/Medicine/Case Notes - 2026 Recalls/1- Routine Referral ( Mr James Greenbaum )/Mr James Greenbaum.pdf,68026,CaseNotes-candidate,,,no,prepared-filesystem,ef0fcdcd6c7a,,
W-0027,medicine,update_referral_specialist_to_gp,convention-parser-regex,yes,2- Update & Referral ( From ENT to Family Dentist ) - Mr Adam Wilson,Mr Adam Wilson - Case Notes.pdf,OET/Materials ( To be Uploaded )/Writing/Medicine/Case Notes - 2026 Recalls/2- Update & Referral ( From ENT to Family Dentist ) - Mr Adam Wilson/Mr Adam Wilson - Case Notes.pdf,144611,CaseNotes,,,no,prepared-filesystem,5a46afba7e5a,,
W-0028,medicine,update_referral_specialist_to_gp,convention-parser-regex,yes,2- Update & Referral ( From ENT to Family Dentist ) - Mr Adam Wilson,Mr Adam Wilson.pdf,OET/Materials ( To be Uploaded )/Writing/Medicine/Case Notes - 2026 Recalls/2- Update & Referral ( From ENT to Family Dentist ) - Mr Adam Wilson/Mr Adam Wilson.pdf,98747,CaseNotes-candidate,,,no,prepared-filesystem,d8445fa67aaa,,
W-0029,medicine,non_medical_referral,convention-parser-regex,yes,3- Referral to non medical profession ( Psychologist )- Mr David Thompson,Mr David Thompson - Case notes.pdf,OET/Materials ( To be Uploaded )/Writing/Medicine/Case Notes - 2026 Recalls/3- Referral to non medical profession ( Psychologist )- Mr David Thompson/Mr David Thompson - Case notes.pdf,235140,CaseNotes,,,no,prepared-filesystem,041ff459ec88,,
W-0030,medicine,non_medical_referral,convention-parser-regex,yes,3- Referral to non medical profession ( Psychologist )- Mr David Thompson,Mr David Thompson.pdf,OET/Materials ( To be Uploaded )/Writing/Medicine/Case Notes - 2026 Recalls/3- Referral to non medical profession ( Psychologist )- Mr David Thompson/Mr David Thompson.pdf,97242,CaseNotes-candidate,,,no,prepared-filesystem,f185141df135,,
W-0031,medicine,urgent_referral,convention-parser-regex,yes,4- Urgent Referral ( Mrs Karen Smith ),Mrs Karen Smith ( Urgent Referral ) - Case notes.pdf,OET/Materials ( To be Uploaded )/Writing/Medicine/Case Notes - 2026 Recalls/4- Urgent Referral ( Mrs Karen Smith )/Mrs Karen Smith ( Urgent Referral ) - Case notes.pdf,417313,CaseNotes,,,no,prepared-filesystem,40cd154bb6d3,,
W-0032,medicine,urgent_referral,convention-parser-regex,yes,4- Urgent Referral ( Mrs Karen Smith ),Mrs Karen Smith.pdf,OET/Materials ( To be Uploaded )/Writing/Medicine/Case Notes - 2026 Recalls/4- Urgent Referral ( Mrs Karen Smith )/Mrs Karen Smith.pdf,98888,CaseNotes-candidate,,,no,prepared-filesystem,4b8b4b53e6f5,,
W-0033,medicine,update_discharge,importer-hint-map,yes,5- Discharge letter ( Mr John Aloisius ),Mr John Aloisius TB ( Discharge letter ).pdf,OET/Materials ( To be Uploaded )/Writing/Medicine/Case Notes - 2026 Recalls/5- Discharge letter ( Mr John Aloisius )/Mr John Aloisius TB ( Discharge letter ).pdf,92600,CaseNotes-candidate,,,no,prepared-filesystem,6645ae9ba338,,
W-0034,medicine,update_discharge,importer-hint-map,yes,5- Discharge letter ( Mr John Aloisius ),Mr John Aloisius.pdf,OET/Materials ( To be Uploaded )/Writing/Medicine/Case Notes - 2026 Recalls/5- Discharge letter ( Mr John Aloisius )/Mr John Aloisius.pdf,101604,CaseNotes-candidate,,,no,prepared-filesystem,264e8a0e4671,,
W-0035,medicine,routine_referral,convention-parser-regex,yes,6- June 2026 Recall ( Routine Referral - Nasal Polypectomy ),13 June 2026 Case Notes - Mr Brian Hughes - Nasal Polypectomy ( Routine Referral ).pdf,OET/Materials ( To be Uploaded )/Writing/Medicine/Case Notes - 2026 Recalls/6- June 2026 Recall ( Routine Referral - Nasal Polypectomy )/13 June 2026 Case Notes - Mr Brian Hughes - Nasal Polypectomy ( Routine Referral ).pdf,480848,CaseNotes,,,no,prepared-filesystem,631a20140daf,,
W-0036,medicine,routine_referral,convention-parser-regex,yes,6- June 2026 Recall ( Routine Referral - Nasal Polypectomy ),13 June 2026 Model Answer - Mr Brian Hughes - Nasal Polypectomy ( Routine Referral ).pdf,OET/Materials ( To be Uploaded )/Writing/Medicine/Case Notes - 2026 Recalls/6- June 2026 Recall ( Routine Referral - Nasal Polypectomy )/13 June 2026 Model Answer - Mr Brian Hughes - Nasal Polypectomy ( Routine Referral ).pdf,116018,ModelAnswer,,,no,prepared-filesystem,55d115bc80c0,,
W-0037,medicine,urgent_referral,convention-parser-regex,yes,7- May 2026 Recall ( Urgent Referral - Mandibular Malignancy ),15 May 2026 Case Notes - Mr Raymond Cole ( Urgent Referral for Mandibular Malignancy ).pdf,OET/Materials ( To be Uploaded )/Writing/Medicine/Case Notes - 2026 Recalls/7- May 2026 Recall ( Urgent Referral - Mandibular Malignancy )/15 May 2026 Case Notes - Mr Raymond Cole ( Urgent Referral for Mandibular Malignancy ).pdf,480294,CaseNotes,,,no,prepared-filesystem,56778c2baaa3,,
W-0038,medicine,urgent_referral,convention-parser-regex,yes,7- May 2026 Recall ( Urgent Referral - Mandibular Malignancy ),15 May 2026 Model Answer - Mr Raymond Cole ( Urgent Referral for Mandibular Malignancy ).pdf,OET/Materials ( To be Uploaded )/Writing/Medicine/Case Notes - 2026 Recalls/7- May 2026 Recall ( Urgent Referral - Mandibular Malignancy )/15 May 2026 Model Answer - Mr Raymond Cole ( Urgent Referral for Mandibular Malignancy ).pdf,113648,ModelAnswer,,,no,prepared-filesystem,c27239c9f7d7,,
W-0039,medicine,update_discharge,importer-hint-map,yes,8- April 2026 Recall ( Discharge to a Community Nurse ),29 April 2026 Case Notes - Mr Arthur Billington ( Discharge letter to a Community Nurse ).pdf,OET/Materials ( To be Uploaded )/Writing/Medicine/Case Notes - 2026 Recalls/8- April 2026 Recall ( Discharge to a Community Nurse )/29 April 2026 Case Notes - Mr Arthur Billington ( Discharge letter to a Community Nurse ).pdf,6452,CaseNotes,,,no,prepared-filesystem,0a19d4fa2c06,,
W-0040,medicine,update_discharge,importer-hint-map,yes,8- April 2026 Recall ( Discharge to a Community Nurse ),29 April 2026 Model Answer - Mr Arthur Billington ( Discharge letter to a Community Nurse ).pdf,OET/Materials ( To be Uploaded )/Writing/Medicine/Case Notes - 2026 Recalls/8- April 2026 Recall ( Discharge to a Community Nurse )/29 April 2026 Model Answer - Mr Arthur Billington ( Discharge letter to a Community Nurse ).pdf,105863,ModelAnswer,,,no,prepared-filesystem,10505703b8fe,,
W-0041,medicine,non_medical_referral,convention-parser-regex,yes,Corrected letters according the Most Recent Criteria,Mr Barry Jones ( non-medical profession ).pdf,OET/Materials ( To be Uploaded )/Writing/Medicine/Corrected letters according the Most Recent Criteria/Mr Barry Jones ( non-medical profession ).pdf,350140,CaseNotes-candidate,,,no,prepared-filesystem,dd688cb7b6c5,,
W-0042,medicine,Other,fallback-other,no,Corrected letters according the Most Recent Criteria,Mr Barry Jones.docx,OET/Materials ( To be Uploaded )/Writing/Medicine/Corrected letters according the Most Recent Criteria/Mr Barry Jones.docx,12616,CaseNotes-candidate,,needs_review,yes,prepared-filesystem,f085340ebd9b,,unclassified by deterministic rules; requires admin review before publish
W-0043,medicine,routine_referral,convention-parser-regex,yes,Corrected letters according the Most Recent Criteria,Mr Brett Collister ( Routine referral ).pdf,OET/Materials ( To be Uploaded )/Writing/Medicine/Corrected letters according the Most Recent Criteria/Mr Brett Collister ( Routine referral ).pdf,579560,CaseNotes-candidate,,,no,prepared-filesystem,7f75f2f42a20,,
W-0044,medicine,Other,fallback-other,no,Corrected letters according the Most Recent Criteria,Mr Brett Collister.docx,OET/Materials ( To be Uploaded )/Writing/Medicine/Corrected letters according the Most Recent Criteria/Mr Brett Collister.docx,12587,CaseNotes-candidate,,needs_review,yes,prepared-filesystem,08b3224533b3,,unclassified by deterministic rules; requires admin review before publish
W-0045,medicine,urgent_referral,convention-parser-regex,yes,Corrected letters according the Most Recent Criteria,Mrs Lucy Clarke ( Urgent referral ).pdf,OET/Materials ( To be Uploaded )/Writing/Medicine/Corrected letters according the Most Recent Criteria/Mrs Lucy Clarke ( Urgent referral ).pdf,87721,CaseNotes-candidate,,,no,prepared-filesystem,a00998c9910b,,
W-0046,medicine,Other,fallback-other,no,Corrected letters according the Most Recent Criteria,Mrs Lucy Clarke.docx,OET/Materials ( To be Uploaded )/Writing/Medicine/Corrected letters according the Most Recent Criteria/Mrs Lucy Clarke.docx,15705,CaseNotes-candidate,,needs_review,yes,prepared-filesystem,c6083a06a556,,unclassified by deterministic rules; requires admin review before publish
W-0047,medicine,update_discharge,importer-hint-map,yes,Corrected letters according the Most Recent Criteria,Ms Betty Johnson. ( Discharge letter ).pdf,OET/Materials ( To be Uploaded )/Writing/Medicine/Corrected letters according the Most Recent Criteria/Ms Betty Johnson. ( Discharge letter ).pdf,626004,CaseNotes-candidate,,,no,prepared-filesystem,6e901dc71bf5,,
W-0048,medicine,Other,fallback-other,no,Corrected letters according the Most Recent Criteria,Ms Betty Johnson.docx,OET/Materials ( To be Uploaded )/Writing/Medicine/Corrected letters according the Most Recent Criteria/Ms Betty Johnson.docx,12406,CaseNotes-candidate,,needs_review,yes,prepared-filesystem,d664853c53de,,unclassified by deterministic rules; requires admin review before publish
W-0049,medicine,non_medical_referral,convention-parser-regex,yes,Extra Case Notes,Betty Weston (Occupational Therapist).pdf,OET/Materials ( To be Uploaded )/Writing/Medicine/Extra Case Notes/Betty Weston (Occupational Therapist).pdf,95200,CaseNotes-candidate,,,no,prepared-filesystem,aa08f8e184ee,,
W-0050,medicine,Other,fallback-other,no,Extra Case Notes,Mr Brendan (Diplopia).pdf,OET/Materials ( To be Uploaded )/Writing/Medicine/Extra Case Notes/Mr Brendan (Diplopia).pdf,70211,CaseNotes-candidate,,needs_review,yes,prepared-filesystem,581972f09d56,,unclassified by deterministic rules; requires admin review before publish
W-0051,medicine,Other,fallback-other,no,Extra Case Notes,Mr Eleanor Bennet (15 May 2021).pdf,OET/Materials ( To be Uploaded )/Writing/Medicine/Extra Case Notes/Mr Eleanor Bennet (15 May 2021).pdf,297937,CaseNotes-candidate,,needs_review,yes,prepared-filesystem,45b6e4628479,,unclassified by deterministic rules; requires admin review before publish
W-0052,medicine,Other,fallback-other,no,Extra Case Notes,Mr James Greenbaum (Orthopaedic).pdf,OET/Materials ( To be Uploaded )/Writing/Medicine/Extra Case Notes/Mr James Greenbaum (Orthopaedic).pdf,1936043,CaseNotes-candidate,,needs_review,yes,prepared-filesystem,3edeb32af884,,unclassified by deterministic rules; requires admin review before publish
W-0053,medicine,update_discharge,importer-hint-map,yes,Extra Case Notes,Mr John Aloisius TB (Discharge Letter).pdf,OET/Materials ( To be Uploaded )/Writing/Medicine/Extra Case Notes/Mr John Aloisius TB (Discharge Letter).pdf,92600,CaseNotes-candidate,,,no,prepared-filesystem,bff34310bcf8,,
W-0054,medicine,Other,fallback-other,no,Extra Case Notes,Mr Trevor Evans - Referral to GP.pdf,OET/Materials ( To be Uploaded )/Writing/Medicine/Extra Case Notes/Mr Trevor Evans - Referral to GP.pdf,810868,CaseNotes-candidate,,needs_review,yes,prepared-filesystem,dc63dcf4560f,,unclassified by deterministic rules; requires admin review before publish
W-0055,medicine,Other,fallback-other,no,Extra Case Notes,Mrs Karen Jackson (Referral to New GP).pdf,OET/Materials ( To be Uploaded )/Writing/Medicine/Extra Case Notes/Mrs Karen Jackson (Referral to New GP).pdf,1450179,CaseNotes-candidate,,needs_review,yes,prepared-filesystem,b02af4588379,,unclassified by deterministic rules; requires admin review before publish
W-0056,medicine,Other,fallback-other,no,Extra Case Notes,Ms Anne Hall (Gastroenterologist).pdf,OET/Materials ( To be Uploaded )/Writing/Medicine/Extra Case Notes/Ms Anne Hall (Gastroenterologist).pdf,758083,CaseNotes-candidate,,needs_review,yes,prepared-filesystem,f945100d2045,,unclassified by deterministic rules; requires admin review before publish
W-0057,medicine,Other,fallback-other,no,Extra Case Notes,Ms Louise Geller - Endocrinologist Referral.pdf,OET/Materials ( To be Uploaded )/Writing/Medicine/Extra Case Notes/Ms Louise Geller - Endocrinologist Referral.pdf,268298,CaseNotes-candidate,,needs_review,yes,prepared-filesystem,840ca1245378,,unclassified by deterministic rules; requires admin review before publish
W-0058,medicine,transfer_letter,convention-parser-regex,yes,Extra Case Notes,Transfer Letter - Mr Julian McDonald.pdf,OET/Materials ( To be Uploaded )/Writing/Medicine/Extra Case Notes/Transfer Letter - Mr Julian McDonald.pdf,627728,CaseNotes-candidate,,,no,prepared-filesystem,1530b77832bf,,
W-0059,medicine,transfer_letter,convention-parser-regex,yes,Extra Case Notes,Transfer Letter.pdf,OET/Materials ( To be Uploaded )/Writing/Medicine/Extra Case Notes/Transfer Letter.pdf,627728,CaseNotes-candidate,,,no,prepared-filesystem,b4f90e17a78f,,
W-0060,medicine,Other,fallback-other,no,Medicine,Grammar Rules 1.pdf,OET/Materials ( To be Uploaded )/Writing/Medicine/Grammar Rules 1.pdf,1481315,Reference,,needs_review,yes,prepared-filesystem,08342806884b,,unclassified by deterministic rules; requires admin review before publish
W-0061,medicine,Other,fallback-other,no,Medicine,Grammar Rules 2.pdf,OET/Materials ( To be Uploaded )/Writing/Medicine/Grammar Rules 2.pdf,151539,Reference,,needs_review,yes,prepared-filesystem,dce5c12ee410,,unclassified by deterministic rules; requires admin review before publish
W-0062,medicine,Other,fallback-other,no,Medicine,OET ONLINE Case Notes 1-16.pdf,OET/Materials ( To be Uploaded )/Writing/Medicine/OET ONLINE Case Notes 1-16.pdf,3801778,CaseNotes,,needs_review,yes,prepared-filesystem,178f85936d3e,,unclassified by deterministic rules; requires admin review before publish
W-0063,medicine,Other,fallback-other,no,Medicine,VIP Writing Tasks.pdf,OET/Materials ( To be Uploaded )/Writing/Medicine/VIP Writing Tasks.pdf,6597064,CaseNotes-candidate,,needs_review,yes,prepared-filesystem,f17eff3bbbdf,,unclassified by deterministic rules; requires admin review before publish
W-0064,medicine,Other,fallback-other,no,Medicine,Writing Booklet Sample.pdf,OET/Materials ( To be Uploaded )/Writing/Medicine/Writing Booklet Sample.pdf,181860,Reference,,needs_review,yes,prepared-filesystem,cb491e40dba3,,unclassified by deterministic rules; requires admin review before publish
W-0065,medicine,Other,fallback-other,no,Writing Criteria,Writing Criteria.pdf,OET/Materials ( To be Uploaded )/Writing/Medicine/Writing Criteria/Writing Criteria.pdf,131395,Reference,,needs_review,yes,prepared-filesystem,d5258a015ec5,,unclassified by deterministic rules; requires admin review before publish
W-0066,medicine,Other,fallback-other,no,Medicine,Writing Recalls 2019.pdf,OET/Materials ( To be Uploaded )/Writing/Medicine/Writing Recalls 2019.pdf,6680576,CaseNotes-candidate,,needs_review,yes,prepared-filesystem,7b209ae9f40c,,unclassified by deterministic rules; requires admin review before publish
W-0067,medicine,Other,fallback-other,no,Medicine,Writing Recalls 2020.pdf,OET/Materials ( To be Uploaded )/Writing/Medicine/Writing Recalls 2020.pdf,1243191,CaseNotes-candidate,,needs_review,yes,prepared-filesystem,bbd28433bd1b,,unclassified by deterministic rules; requires admin review before publish
W-0068,nursing,Other,fallback-other,no,New Writing Tasks,Alexander Jones.pdf,OET/Materials ( To be Uploaded )/Writing/Nursing/New Writing Tasks/Alexander Jones.pdf,74614,CaseNotes-candidate,,needs_review,yes,prepared-filesystem,6f3aab2f2844,,unclassified by deterministic rules; requires admin review before publish
W-0069,nursing,Other,fallback-other,no,New Writing Tasks,Alison Cooper.pdf,OET/Materials ( To be Uploaded )/Writing/Nursing/New Writing Tasks/Alison Cooper.pdf,72415,CaseNotes-candidate,,needs_review,yes,prepared-filesystem,9ce07116d8b5,,unclassified by deterministic rules; requires admin review before publish
W-0070,nursing,Other,fallback-other,no,New Writing Tasks,Alison Martin.pdf,OET/Materials ( To be Uploaded )/Writing/Nursing/New Writing Tasks/Alison Martin.pdf,540172,CaseNotes-candidate,,needs_review,yes,prepared-filesystem,a384d128a07d,,unclassified by deterministic rules; requires admin review before publish
W-0071,nursing,Other,fallback-other,no,Ann Ballard,FB_IMG_1560439394401.jpg,OET/Materials ( To be Uploaded )/Writing/Nursing/New Writing Tasks/Ann Ballard/FB_IMG_1560439394401.jpg,38785,Supplementary,,needs_review,yes,prepared-filesystem,4d2701fbd957,,unclassified by deterministic rules; requires admin review before publish
W-0072,nursing,Other,fallback-other,no,Ann Ballard,FB_IMG_1560439397980.jpg,OET/Materials ( To be Uploaded )/Writing/Nursing/New Writing Tasks/Ann Ballard/FB_IMG_1560439397980.jpg,25331,Supplementary,,needs_review,yes,prepared-filesystem,2e94ae1f07fb,,unclassified by deterministic rules; requires admin review before publish
W-0073,nursing,Other,fallback-other,no,New Writing Tasks,belinda hoyle.jpg,OET/Materials ( To be Uploaded )/Writing/Nursing/New Writing Tasks/belinda hoyle.jpg,59789,Supplementary,,needs_review,yes,prepared-filesystem,10d18ff62ca9,,unclassified by deterministic rules; requires admin review before publish
W-0074,nursing,Other,fallback-other,no,New Writing Tasks,beryl casey.pdf,OET/Materials ( To be Uploaded )/Writing/Nursing/New Writing Tasks/beryl casey.pdf,156617,CaseNotes-candidate,,needs_review,yes,prepared-filesystem,afa0f164d0f2,,unclassified by deterministic rules; requires admin review before publish
W-0075,nursing,Other,fallback-other,no,Bethany tallor,FB_IMG_1562757873989.jpg,OET/Materials ( To be Uploaded )/Writing/Nursing/New Writing Tasks/Bethany tallor/FB_IMG_1562757873989.jpg,50574,Supplementary,,needs_review,yes,prepared-filesystem,e933a0693b5b,,unclassified by deterministic rules; requires admin review before publish
W-0076,nursing,Other,fallback-other,no,New Writing Tasks,Cassandra Kinser.pdf,OET/Materials ( To be Uploaded )/Writing/Nursing/New Writing Tasks/Cassandra Kinser.pdf,138166,CaseNotes-candidate,,needs_review,yes,prepared-filesystem,c51dc6ac737e,,unclassified by deterministic rules; requires admin review before publish
W-0077,nursing,Other,fallback-other,no,Clarissa Simons,FB_IMG_1562107477084.jpg,OET/Materials ( To be Uploaded )/Writing/Nursing/New Writing Tasks/Clarissa Simons/FB_IMG_1562107477084.jpg,27082,Supplementary,,needs_review,yes,prepared-filesystem,e14ec386f2ce,,unclassified by deterministic rules; requires admin review before publish
W-0078,nursing,Other,fallback-other,no,Clarissa Simons,FB_IMG_1562107480443.jpg,OET/Materials ( To be Uploaded )/Writing/Nursing/New Writing Tasks/Clarissa Simons/FB_IMG_1562107480443.jpg,13279,Supplementary,,needs_review,yes,prepared-filesystem,9e0083020612,,unclassified by deterministic rules; requires admin review before publish
W-0079,nursing,Other,fallback-other,no,Diane Carpenter,FB_IMG_1559919480043.jpg,OET/Materials ( To be Uploaded )/Writing/Nursing/New Writing Tasks/Diane Carpenter/FB_IMG_1559919480043.jpg,50055,Supplementary,,needs_review,yes,prepared-filesystem,c154bd6fc582,,unclassified by deterministic rules; requires admin review before publish
W-0080,nursing,Other,fallback-other,no,New Writing Tasks,Gemma Brown.jpg,OET/Materials ( To be Uploaded )/Writing/Nursing/New Writing Tasks/Gemma Brown.jpg,39600,Supplementary,,needs_review,yes,prepared-filesystem,953805549e93,,unclassified by deterministic rules; requires admin review before publish
W-0081,nursing,Other,fallback-other,no,George Chien,IMG_20190624_104918.jpg,OET/Materials ( To be Uploaded )/Writing/Nursing/New Writing Tasks/George Chien/IMG_20190624_104918.jpg,134048,Supplementary,,needs_review,yes,prepared-filesystem,de7131f2a7af,,unclassified by deterministic rules; requires admin review before publish
W-0082,nursing,Other,fallback-other,no,George Chien,IMG_20190624_104933.jpg,OET/Materials ( To be Uploaded )/Writing/Nursing/New Writing Tasks/George Chien/IMG_20190624_104933.jpg,156204,Supplementary,,needs_review,yes,prepared-filesystem,a7c40b839c7a,,unclassified by deterministic rules; requires admin review before publish
W-0083,nursing,Other,fallback-other,no,Greg Whitby,FB_IMG_1560453257490.jpg,OET/Materials ( To be Uploaded )/Writing/Nursing/New Writing Tasks/Greg Whitby/FB_IMG_1560453257490.jpg,49908,Supplementary,,needs_review,yes,prepared-filesystem,963e26b01f8e,,unclassified by deterministic rules; requires admin review before publish
W-0084,nursing,Other,fallback-other,no,Greg Whitby,FB_IMG_1560453261615.jpg,OET/Materials ( To be Uploaded )/Writing/Nursing/New Writing Tasks/Greg Whitby/FB_IMG_1560453261615.jpg,34834,Supplementary,,needs_review,yes,prepared-filesystem,102e8378a427,,unclassified by deterministic rules; requires admin review before publish
W-0085,nursing,Other,fallback-other,no,Guy hoang chueng,FB_IMG_1560306549164.jpg,OET/Materials ( To be Uploaded )/Writing/Nursing/New Writing Tasks/Guy hoang chueng/FB_IMG_1560306549164.jpg,25932,Supplementary,,needs_review,yes,prepared-filesystem,3d18cb89ba4f,,unclassified by deterministic rules; requires admin review before publish
W-0086,nursing,Other,fallback-other,no,New Writing Tasks,Harry Kovacs.pdf,OET/Materials ( To be Uploaded )/Writing/Nursing/New Writing Tasks/Harry Kovacs.pdf,707771,CaseNotes-candidate,,needs_review,yes,prepared-filesystem,b3c1febf056d,,unclassified by deterministic rules; requires admin review before publish
W-0087,nursing,Other,fallback-other,no,New Writing Tasks,Harry-Kovacs.pdf,OET/Materials ( To be Uploaded )/Writing/Nursing/New Writing Tasks/Harry-Kovacs.pdf,762259,CaseNotes-candidate,,needs_review,yes,prepared-filesystem,980bd10c6170,,unclassified by deterministic rules; requires admin review before publish
W-0088,nursing,Other,fallback-other,no,Ebola,Sample inform ebola.png,OET/Materials ( To be Uploaded )/Writing/Nursing/New Writing Tasks/Inform letter/Ebola/Sample inform ebola.png,348266,Supplementary,,needs_review,yes,prepared-filesystem,eea2986e8144,,unclassified by deterministic rules; requires admin review before publish
W-0089,nursing,Other,fallback-other,no,Jake Peterson,IMG_20190628_104358.jpg,OET/Materials ( To be Uploaded )/Writing/Nursing/New Writing Tasks/Jake Peterson/IMG_20190628_104358.jpg,167138,Supplementary,,needs_review,yes,prepared-filesystem,0300d13cba9a,,unclassified by deterministic rules; requires admin review before publish
W-0090,nursing,Other,fallback-other,no,Jane Brown,FB_IMG_1560337027220.jpg,OET/Materials ( To be Uploaded )/Writing/Nursing/New Writing Tasks/Jane Brown/FB_IMG_1560337027220.jpg,36150,Supplementary,,needs_review,yes,prepared-filesystem,0a544e89d994,,unclassified by deterministic rules; requires admin review before publish
W-0091,nursing,Other,fallback-other,no,New Writing Tasks,Jane Robinson.PDF,OET/Materials ( To be Uploaded )/Writing/Nursing/New Writing Tasks/Jane Robinson.PDF,81975,CaseNotes-candidate,,needs_review,yes,prepared-filesystem,34befa139cca,,unclassified by deterministic rules; requires admin review before publish
W-0092,nursing,Other,fallback-other,no,New Writing Tasks,Jane-Lapaglia.pdf,OET/Materials ( To be Uploaded )/Writing/Nursing/New Writing Tasks/Jane-Lapaglia.pdf,127673,CaseNotes-candidate,,needs_review,yes,prepared-filesystem,effd71f5886d,,unclassified by deterministic rules; requires admin review before publish
W-0093,nursing,Other,fallback-other,no,Jasmine Thompson,FB_IMG_1561032870266.jpg,OET/Materials ( To be Uploaded )/Writing/Nursing/New Writing Tasks/Jasmine Thompson/FB_IMG_1561032870266.jpg,54036,Supplementary,,needs_review,yes,prepared-filesystem,22d4f8690264,,unclassified by deterministic rules; requires admin review before publish
W-0094,nursing,Other,fallback-other,no,New Writing Tasks,Jennifer Mckay.jpg,OET/Materials ( To be Uploaded )/Writing/Nursing/New Writing Tasks/Jennifer Mckay.jpg,53329,Supplementary,,needs_review,yes,prepared-filesystem,8655cd6a1d15,,unclassified by deterministic rules; requires admin review before publish
W-0095,nursing,Other,fallback-other,no,New Writing Tasks,Joe Black.pdf,OET/Materials ( To be Uploaded )/Writing/Nursing/New Writing Tasks/Joe Black.pdf,1854331,CaseNotes-candidate,,needs_review,yes,prepared-filesystem,ad5dcd5d5e1b,,unclassified by deterministic rules; requires admin review before publish
W-0096,nursing,Other,fallback-other,no,New Writing Tasks,Kate-Murray.pdf,OET/Materials ( To be Uploaded )/Writing/Nursing/New Writing Tasks/Kate-Murray.pdf,484494,CaseNotes-candidate,,needs_review,yes,prepared-filesystem,686377f5e877,,unclassified by deterministic rules; requires admin review before publish
W-0097,nursing,Other,fallback-other,no,Keisha Odet,FB_IMG_1560455858224.jpg,OET/Materials ( To be Uploaded )/Writing/Nursing/New Writing Tasks/Keisha Odet/FB_IMG_1560455858224.jpg,42691,Supplementary,,needs_review,yes,prepared-filesystem,c5c4f6b20e21,,unclassified by deterministic rules; requires admin review before publish
W-0098,nursing,Other,fallback-other,no,Keisha Odet,FB_IMG_1560455860854.jpg,OET/Materials ( To be Uploaded )/Writing/Nursing/New Writing Tasks/Keisha Odet/FB_IMG_1560455860854.jpg,48455,Supplementary,,needs_review,yes,prepared-filesystem,76b86d615081,,unclassified by deterministic rules; requires admin review before publish
W-0099,nursing,Other,fallback-other,no,New Writing Tasks,lee wong.jpg,OET/Materials ( To be Uploaded )/Writing/Nursing/New Writing Tasks/lee wong.jpg,83598,Supplementary,,needs_review,yes,prepared-filesystem,853eb9402be9,,unclassified by deterministic rules; requires admin review before publish
W-0100,nursing,Other,fallback-other,no,New Writing Tasks,Ling-Wu.pdf,OET/Materials ( To be Uploaded )/Writing/Nursing/New Writing Tasks/Ling-Wu.pdf,928448,CaseNotes-candidate,,needs_review,yes,prepared-filesystem,9b81c7712cbc,,unclassified by deterministic rules; requires admin review before publish
W-0101,nursing,Other,fallback-other,no,Luis Morgan,FB_IMG_1559228666262.jpg,OET/Materials ( To be Uploaded )/Writing/Nursing/New Writing Tasks/Luis Morgan/FB_IMG_1559228666262.jpg,75503,Supplementary,,needs_review,yes,prepared-filesystem,4483214d60ec,,unclassified by deterministic rules; requires admin review before publish
W-0102,nursing,Other,fallback-other,no,Maeeve Greerson,FB_IMG_1561690854956.jpg,OET/Materials ( To be Uploaded )/Writing/Nursing/New Writing Tasks/Maeeve Greerson/FB_IMG_1561690854956.jpg,52462,Supplementary,,needs_review,yes,prepared-filesystem,cf1efe71a36d,,unclassified by deterministic rules; requires admin review before publish
W-0103,nursing,Other,fallback-other,no,Maeeve Greerson,FB_IMG_1561690857592.jpg,OET/Materials ( To be Uploaded )/Writing/Nursing/New Writing Tasks/Maeeve Greerson/FB_IMG_1561690857592.jpg,30686,Supplementary,,needs_review,yes,prepared-filesystem,1368eab64e9b,,unclassified by deterministic rules; requires admin review before publish
W-0104,nursing,Other,fallback-other,no,Margaret goldstein,page 1.jpg,OET/Materials ( To be Uploaded )/Writing/Nursing/New Writing Tasks/Margaret goldstein/page 1.jpg,55377,Supplementary,,needs_review,yes,prepared-filesystem,9a3e727fa441,,unclassified by deterministic rules; requires admin review before publish
W-0105,nursing,Other,fallback-other,no,Margaret goldstein,page 2.jpg,OET/Materials ( To be Uploaded )/Writing/Nursing/New Writing Tasks/Margaret goldstein/page 2.jpg,53268,Supplementary,,needs_review,yes,prepared-filesystem,457b2355827b,,unclassified by deterministic rules; requires admin review before publish
W-0106,nursing,Other,fallback-other,no,Margaret Helen Martin,FB_IMG_1560062119959.jpg,OET/Materials ( To be Uploaded )/Writing/Nursing/New Writing Tasks/Margaret Helen Martin/FB_IMG_1560062119959.jpg,57340,Supplementary,,needs_review,yes,prepared-filesystem,3b309ece5ce8,,unclassified by deterministic rules; requires admin review before publish
W-0107,nursing,Other,fallback-other,no,Maria Joseph,FB_IMG_1559228714378.jpg,OET/Materials ( To be Uploaded )/Writing/Nursing/New Writing Tasks/Maria Joseph/FB_IMG_1559228714378.jpg,53327,Supplementary,,needs_review,yes,prepared-filesystem,fd9e197cde35,,unclassified by deterministic rules; requires admin review before publish
W-0108,nursing,Other,fallback-other,no,Maria Joseph,FB_IMG_1559228717618.jpg,OET/Materials ( To be Uploaded )/Writing/Nursing/New Writing Tasks/Maria Joseph/FB_IMG_1559228717618.jpg,28611,Supplementary,,needs_review,yes,prepared-filesystem,16e17dc0f97a,,unclassified by deterministic rules; requires admin review before publish
W-0109,nursing,Other,fallback-other,no,Marjorie Mellors,IMG_20190624_104739.jpg,OET/Materials ( To be Uploaded )/Writing/Nursing/New Writing Tasks/Marjorie Mellors/IMG_20190624_104739.jpg,3022120,Supplementary,,needs_review,yes,prepared-filesystem,981803798a81,,unclassified by deterministic rules; requires admin review before publish
W-0110,nursing,Other,fallback-other,no,New Writing Tasks,Martin-Wilson.pdf,OET/Materials ( To be Uploaded )/Writing/Nursing/New Writing Tasks/Martin-Wilson.pdf,31853,CaseNotes-candidate,,needs_review,yes,prepared-filesystem,919c786979cb,,unclassified by deterministic rules; requires admin review before publish
W-0111,nursing,Other,fallback-other,no,Michael Collins,IMG_20190624_105436.jpg,OET/Materials ( To be Uploaded )/Writing/Nursing/New Writing Tasks/Michael Collins/IMG_20190624_105436.jpg,133932,Supplementary,,needs_review,yes,prepared-filesystem,622e7e2a0624,,unclassified by deterministic rules; requires admin review before publish
W-0112,nursing,Other,fallback-other,no,Michelle Norris,FB_IMG_1562107510257.jpg,OET/Materials ( To be Uploaded )/Writing/Nursing/New Writing Tasks/Michelle Norris/FB_IMG_1562107510257.jpg,26905,Supplementary,,needs_review,yes,prepared-filesystem,b82c09573345,,unclassified by deterministic rules; requires admin review before publish
W-0113,nursing,Other,fallback-other,no,Michelle Norris,FB_IMG_1562107512653.jpg,OET/Materials ( To be Uploaded )/Writing/Nursing/New Writing Tasks/Michelle Norris/FB_IMG_1562107512653.jpg,24513,Supplementary,,needs_review,yes,prepared-filesystem,28646985fce4,,unclassified by deterministic rules; requires admin review before publish
W-0114,nursing,Other,fallback-other,no,Monica Osburn,FB_IMG_1560439375588.jpg,OET/Materials ( To be Uploaded )/Writing/Nursing/New Writing Tasks/Monica Osburn/FB_IMG_1560439375588.jpg,34058,Supplementary,,needs_review,yes,prepared-filesystem,dbd257c3b4ad,,unclassified by deterministic rules; requires admin review before publish
W-0115,nursing,Other,fallback-other,no,Monica Osburn,FB_IMG_1560439378717.jpg,OET/Materials ( To be Uploaded )/Writing/Nursing/New Writing Tasks/Monica Osburn/FB_IMG_1560439378717.jpg,14086,Supplementary,,needs_review,yes,prepared-filesystem,dbf0492f7258,,unclassified by deterministic rules; requires admin review before publish
W-0116,nursing,Other,fallback-other,no,New Writing Tasks,Mr Zhang Ming.pdf,OET/Materials ( To be Uploaded )/Writing/Nursing/New Writing Tasks/Mr Zhang Ming.pdf,611391,CaseNotes-candidate,,needs_review,yes,prepared-filesystem,e04a6d90ca30,,unclassified by deterministic rules; requires admin review before publish
W-0117,nursing,Other,fallback-other,no,New Writing Tasks,Nina Sharman.pdf,OET/Materials ( To be Uploaded )/Writing/Nursing/New Writing Tasks/Nina Sharman.pdf,38117,CaseNotes-candidate,,needs_review,yes,prepared-filesystem,f4b588045dcd,,unclassified by deterministic rules; requires admin review before publish
W-0118,nursing,Other,fallback-other,no,Olivia hawthorne,page 1.jpg,OET/Materials ( To be Uploaded )/Writing/Nursing/New Writing Tasks/Olivia hawthorne/page 1.jpg,54256,Supplementary,,needs_review,yes,prepared-filesystem,e7aeef50ac5e,,unclassified by deterministic rules; requires admin review before publish
W-0119,nursing,Other,fallback-other,no,Olivia hawthorne,page 2.jpg,OET/Materials ( To be Uploaded )/Writing/Nursing/New Writing Tasks/Olivia hawthorne/page 2.jpg,35240,Supplementary,,needs_review,yes,prepared-filesystem,32411acce47f,,unclassified by deterministic rules; requires admin review before publish
W-0120,nursing,Other,fallback-other,no,Peter Dunbar,IMG_20190617_182306.jpg,OET/Materials ( To be Uploaded )/Writing/Nursing/New Writing Tasks/Peter Dunbar/IMG_20190617_182306.jpg,2693272,Supplementary,,needs_review,yes,prepared-filesystem,cf93e024f291,,unclassified by deterministic rules; requires admin review before publish
W-0121,nursing,Other,fallback-other,no,Peter Dunbar,IMG_20190617_182331.jpg,OET/Materials ( To be Uploaded )/Writing/Nursing/New Writing Tasks/Peter Dunbar/IMG_20190617_182331.jpg,1663812,Supplementary,,needs_review,yes,prepared-filesystem,485322510574,,unclassified by deterministic rules; requires admin review before publish
W-0122,nursing,Other,fallback-other,no,New Writing Tasks,philip sachell.jpg,OET/Materials ( To be Uploaded )/Writing/Nursing/New Writing Tasks/philip sachell.jpg,55407,Supplementary,,needs_review,yes,prepared-filesystem,18da444ff93d,,unclassified by deterministic rules; requires admin review before publish
W-0123,nursing,Other,fallback-other,no,Priya sharma,FB_IMG_1561217535849.jpg,OET/Materials ( To be Uploaded )/Writing/Nursing/New Writing Tasks/Priya sharma/FB_IMG_1561217535849.jpg,37945,Supplementary,,needs_review,yes,prepared-filesystem,2e26ffe4d66f,,unclassified by deterministic rules; requires admin review before publish
W-0124,nursing,Other,fallback-other,no,Priya sharma,FB_IMG_1561217540650.jpg,OET/Materials ( To be Uploaded )/Writing/Nursing/New Writing Tasks/Priya sharma/FB_IMG_1561217540650.jpg,26117,Supplementary,,needs_review,yes,prepared-filesystem,66ae15a4482c,,unclassified by deterministic rules; requires admin review before publish
W-0125,nursing,Other,fallback-other,no,New Writing Tasks,Rachel Oakley.jpg,OET/Materials ( To be Uploaded )/Writing/Nursing/New Writing Tasks/Rachel Oakley.jpg,42860,Supplementary,,needs_review,yes,prepared-filesystem,f6e8762258c0,,unclassified by deterministic rules; requires admin review before publish
W-0126,nursing,Other,fallback-other,no,New Writing Tasks,Robert Griffith.jpg,OET/Materials ( To be Uploaded )/Writing/Nursing/New Writing Tasks/Robert Griffith.jpg,23818,Supplementary,,needs_review,yes,prepared-filesystem,655a4328ec9d,,unclassified by deterministic rules; requires admin review before publish
W-0127,nursing,Other,fallback-other,no,Robert Smithson,FB_IMG_1559873660476.jpg,OET/Materials ( To be Uploaded )/Writing/Nursing/New Writing Tasks/Robert Smithson/FB_IMG_1559873660476.jpg,37923,Supplementary,,needs_review,yes,prepared-filesystem,5ce418695615,,unclassified by deterministic rules; requires admin review before publish
W-0128,nursing,Other,fallback-other,no,Robert Smithson,FB_IMG_1559873662497.jpg,OET/Materials ( To be Uploaded )/Writing/Nursing/New Writing Tasks/Robert Smithson/FB_IMG_1559873662497.jpg,47673,Supplementary,,needs_review,yes,prepared-filesystem,fa8f8fba9dd2,,unclassified by deterministic rules; requires admin review before publish
W-0129,nursing,Other,fallback-other,no,New Writing Tasks,Rosalind Hinds.pdf,OET/Materials ( To be Uploaded )/Writing/Nursing/New Writing Tasks/Rosalind Hinds.pdf,308808,CaseNotes-candidate,,needs_review,yes,prepared-filesystem,98fc99527127,,unclassified by deterministic rules; requires admin review before publish
W-0130,nursing,Other,fallback-other,no,Ryan and rohan,page 1.jpg,OET/Materials ( To be Uploaded )/Writing/Nursing/New Writing Tasks/Ryan and rohan/page 1.jpg,48947,Supplementary,,needs_review,yes,prepared-filesystem,fb506612f5dd,,unclassified by deterministic rules; requires admin review before publish
W-0131,nursing,Other,fallback-other,no,New Writing Tasks,Sandra Choi.jpg,OET/Materials ( To be Uploaded )/Writing/Nursing/New Writing Tasks/Sandra Choi.jpg,2932487,Supplementary,,needs_review,yes,prepared-filesystem,721a8c30b5b2,,unclassified by deterministic rules; requires admin review before publish
W-0132,nursing,Other,fallback-other,no,Sandra peterson,FB_IMG_1561799932519.jpg,OET/Materials ( To be Uploaded )/Writing/Nursing/New Writing Tasks/Sandra peterson/FB_IMG_1561799932519.jpg,43760,Supplementary,,needs_review,yes,prepared-filesystem,76ac10f5fc53,,unclassified by deterministic rules; requires admin review before publish
W-0133,nursing,Other,fallback-other,no,Sandra peterson,FB_IMG_1561799935382.jpg,OET/Materials ( To be Uploaded )/Writing/Nursing/New Writing Tasks/Sandra peterson/FB_IMG_1561799935382.jpg,60516,Supplementary,,needs_review,yes,prepared-filesystem,f3ea64d9a21a,,unclassified by deterministic rules; requires admin review before publish
W-0134,nursing,Other,fallback-other,no,Sandra peterson,pg 1.jpg,OET/Materials ( To be Uploaded )/Writing/Nursing/New Writing Tasks/Sandra peterson/pg 1.jpg,41264,Supplementary,,needs_review,yes,prepared-filesystem,f35d9ac93615,,unclassified by deterministic rules; requires admin review before publish
W-0135,nursing,Other,fallback-other,no,Sandra peterson,pg 2.jpg,OET/Materials ( To be Uploaded )/Writing/Nursing/New Writing Tasks/Sandra peterson/pg 2.jpg,42622,Supplementary,,needs_review,yes,prepared-filesystem,d617719230e1,,unclassified by deterministic rules; requires admin review before publish
W-0136,nursing,Other,fallback-other,no,Sandra peterson,pg3.jpg,OET/Materials ( To be Uploaded )/Writing/Nursing/New Writing Tasks/Sandra peterson/pg3.jpg,44991,Supplementary,,needs_review,yes,prepared-filesystem,8ba452249c43,,unclassified by deterministic rules; requires admin review before publish
W-0137,nursing,Other,fallback-other,no,Sophia Joe Patrick,IMG_20190630_155013.jpg,OET/Materials ( To be Uploaded )/Writing/Nursing/New Writing Tasks/Sophia Joe Patrick/IMG_20190630_155013.jpg,232377,Supplementary,,needs_review,yes,prepared-filesystem,4cad1dcc2a9f,,unclassified by deterministic rules; requires admin review before publish
W-0138,nursing,Other,fallback-other,no,Sophia Joe Patrick,IMG_20190630_155028.jpg,OET/Materials ( To be Uploaded )/Writing/Nursing/New Writing Tasks/Sophia Joe Patrick/IMG_20190630_155028.jpg,174465,Supplementary,,needs_review,yes,prepared-filesystem,76700ee250fe,,unclassified by deterministic rules; requires admin review before publish
W-0139,nursing,Other,fallback-other,no,Vamuya Obeki,FB_IMG_1561690821597.jpg,OET/Materials ( To be Uploaded )/Writing/Nursing/New Writing Tasks/Vamuya Obeki/FB_IMG_1561690821597.jpg,46609,Supplementary,,needs_review,yes,prepared-filesystem,71ce8ffcc61f,,unclassified by deterministic rules; requires admin review before publish
W-0140,nursing,Other,fallback-other,no,Vamuya Obeki,FB_IMG_1561690824022.jpg,OET/Materials ( To be Uploaded )/Writing/Nursing/New Writing Tasks/Vamuya Obeki/FB_IMG_1561690824022.jpg,30293,Supplementary,,needs_review,yes,prepared-filesystem,3b50cc87e12f,,unclassified by deterministic rules; requires admin review before publish
W-0141,nursing,Other,fallback-other,no,Venice Parkson,IMG20190626140637.jpg,OET/Materials ( To be Uploaded )/Writing/Nursing/New Writing Tasks/Venice Parkson/IMG20190626140637.jpg,1880954,Supplementary,,needs_review,yes,prepared-filesystem,9115a5f12bbc,,unclassified by deterministic rules; requires admin review before publish
W-0142,nursing,Other,fallback-other,no,Venice Parkson,IMG20190626140644.jpg,OET/Materials ( To be Uploaded )/Writing/Nursing/New Writing Tasks/Venice Parkson/IMG20190626140644.jpg,1833898,Supplementary,,needs_review,yes,prepared-filesystem,58c9ea22e8bb,,unclassified by deterministic rules; requires admin review before publish
W-0143,nursing,Other,fallback-other,no,Venice Parkson,IMG20190626140652.jpg,OET/Materials ( To be Uploaded )/Writing/Nursing/New Writing Tasks/Venice Parkson/IMG20190626140652.jpg,1665738,Supplementary,,needs_review,yes,prepared-filesystem,7682b0ea6c2e,,unclassified by deterministic rules; requires admin review before publish
W-0144,nursing,Other,fallback-other,no,Walter Pitman,FB_IMG_1562107408571.jpg,OET/Materials ( To be Uploaded )/Writing/Nursing/New Writing Tasks/Walter Pitman/FB_IMG_1562107408571.jpg,24814,Supplementary,,needs_review,yes,prepared-filesystem,c7917ba4496a,,unclassified by deterministic rules; requires admin review before publish
W-0145,nursing,Other,fallback-other,no,Walter Pitman,FB_IMG_1562107412009.jpg,OET/Materials ( To be Uploaded )/Writing/Nursing/New Writing Tasks/Walter Pitman/FB_IMG_1562107412009.jpg,19323,Supplementary,,needs_review,yes,prepared-filesystem,19870fd6f601,,unclassified by deterministic rules; requires admin review before publish
W-0146,nursing,Other,fallback-other,no,Nursing Case Notes,#oet_medicine_writing_case_notes_099_cathy_jones_suspected_ectopic_pregnancy.pdf,OET/Materials ( To be Uploaded )/Writing/Nursing/Nursing Case Notes/#oet_medicine_writing_case_notes_099_cathy_jones_suspected_ectopic_pregnancy.pdf,371963,CaseNotes-candidate,,needs_review,yes,prepared-filesystem,eba6ea604e76,,unclassified by deterministic rules; requires admin review before publish
W-0147,nursing,Other,fallback-other,no,Nursing Case Notes,Adam White.jpg,OET/Materials ( To be Uploaded )/Writing/Nursing/Nursing Case Notes/Adam White.jpg,49599,Supplementary,,needs_review,yes,prepared-filesystem,5a52ae12b412,,unclassified by deterministic rules; requires admin review before publish
W-0148,nursing,Other,fallback-other,no,Nursing Case Notes,Ann Ballard.docx,OET/Materials ( To be Uploaded )/Writing/Nursing/Nursing Case Notes/Ann Ballard.docx,17250,CaseNotes-candidate,,needs_review,yes,prepared-filesystem,68661a4465a0,,unclassified by deterministic rules; requires admin review before publish
W-0149,nursing,Other,fallback-other,no,Nursing Case Notes,Beryl casey.PNG,OET/Materials ( To be Uploaded )/Writing/Nursing/Nursing Case Notes/Beryl casey.PNG,337860,Supplementary,,needs_review,yes,prepared-filesystem,5f4aee1c3044,,unclassified by deterministic rules; requires admin review before publish
W-0150,nursing,Other,fallback-other,no,Nursing Case Notes,CamScanner 12-20-2021 15.59.pdf,OET/Materials ( To be Uploaded )/Writing/Nursing/Nursing Case Notes/CamScanner 12-20-2021 15.59.pdf,498966,CaseNotes-candidate,,needs_review,yes,prepared-filesystem,12c156aacc3a,,unclassified by deterministic rules; requires admin review before publish
W-0151,nursing,Other,fallback-other,no,Nursing Case Notes,Exam practice 1 ( Kevin Brown ).pdf,OET/Materials ( To be Uploaded )/Writing/Nursing/Nursing Case Notes/Exam practice 1 ( Kevin Brown ).pdf,1070335,CaseNotes-candidate,,needs_review,yes,prepared-filesystem,0ecd2e4d5d8d,,unclassified by deterministic rules; requires admin review before publish
W-0152,nursing,Other,fallback-other,no,Nursing Case Notes,Jake Cruz.docx,OET/Materials ( To be Uploaded )/Writing/Nursing/Nursing Case Notes/Jake Cruz.docx,18779,CaseNotes-candidate,,needs_review,yes,prepared-filesystem,d3c61eafd749,,unclassified by deterministic rules; requires admin review before publish
W-0153,nursing,Other,fallback-other,no,Nursing Case Notes,James Andersen.jpg,OET/Materials ( To be Uploaded )/Writing/Nursing/Nursing Case Notes/James Andersen.jpg,218244,Supplementary,,needs_review,yes,prepared-filesystem,b72545c2b608,,unclassified by deterministic rules; requires admin review before publish
W-0154,nursing,Other,fallback-other,no,Nursing Case Notes,Jasmine Thompson.pdf,OET/Materials ( To be Uploaded )/Writing/Nursing/Nursing Case Notes/Jasmine Thompson.pdf,1559157,CaseNotes-candidate,,needs_review,yes,prepared-filesystem,db8cb4b5ab51,,unclassified by deterministic rules; requires admin review before publish
W-0155,nursing,Other,fallback-other,no,Nursing Case Notes,Jen Smith.docx,OET/Materials ( To be Uploaded )/Writing/Nursing/Nursing Case Notes/Jen Smith.docx,18711,CaseNotes-candidate,,needs_review,yes,prepared-filesystem,1f9302307bd0,,unclassified by deterministic rules; requires admin review before publish
W-0156,nursing,Other,fallback-other,no,Nursing Case Notes,Julia Montoa.docx,OET/Materials ( To be Uploaded )/Writing/Nursing/Nursing Case Notes/Julia Montoa.docx,16573,CaseNotes-candidate,,needs_review,yes,prepared-filesystem,062f15e42ca8,,unclassified by deterministic rules; requires admin review before publish
W-0157,nursing,Other,fallback-other,no,Nursing Case Notes,Lionel ramamurthy.png,OET/Materials ( To be Uploaded )/Writing/Nursing/Nursing Case Notes/Lionel ramamurthy.png,252194,Supplementary,,needs_review,yes,prepared-filesystem,9877cee20c76,,unclassified by deterministic rules; requires admin review before publish
W-0158,nursing,Other,fallback-other,no,Nursing Case Notes,Margaret Helen Martin.pdf,OET/Materials ( To be Uploaded )/Writing/Nursing/Nursing Case Notes/Margaret Helen Martin.pdf,1599010,CaseNotes-candidate,,needs_review,yes,prepared-filesystem,30c6bbd60237,,unclassified by deterministic rules; requires admin review before publish
W-0159,nursing,update_discharge,importer-hint-map,yes,Nursing Case Notes,margery drake ( Discharge letter ).pdf,OET/Materials ( To be Uploaded )/Writing/Nursing/Nursing Case Notes/margery drake ( Discharge letter ).pdf,910086,CaseNotes-candidate,,,no,prepared-filesystem,33fbdd7bb5a7,,
W-0160,nursing,Other,fallback-other,no,Nursing Case Notes,Mary Bell.pdf,OET/Materials ( To be Uploaded )/Writing/Nursing/Nursing Case Notes/Mary Bell.pdf,1579086,CaseNotes-candidate,,needs_review,yes,prepared-filesystem,beec954774e2,,unclassified by deterministic rules; requires admin review before publish
W-0161,nursing,Other,fallback-other,no,Nursing Case Notes,Monica Osburn.png,OET/Materials ( To be Uploaded )/Writing/Nursing/Nursing Case Notes/Monica Osburn.png,181832,Supplementary,,needs_review,yes,prepared-filesystem,20bb6b0f1478,,unclassified by deterministic rules; requires admin review before publish
W-0162,nursing,update_discharge,importer-hint-map,yes,Nursing Case Notes,Mr Gerald Baker ( Discharge letter ).pdf,OET/Materials ( To be Uploaded )/Writing/Nursing/Nursing Case Notes/Mr Gerald Baker ( Discharge letter ).pdf,277176,CaseNotes-candidate,,,no,prepared-filesystem,0d2b4d771dda,,
W-0163,nursing,transfer_letter,convention-parser-regex,yes,Nursing Case Notes,Mr Phillip Satchell ( Transfer letter ).pdf,OET/Materials ( To be Uploaded )/Writing/Nursing/Nursing Case Notes/Mr Phillip Satchell ( Transfer letter ).pdf,240422,CaseNotes-candidate,,,no,prepared-filesystem,1381055be0fd,,
W-0164,nursing,Other,fallback-other,no,Nursing Case Notes,Ms Cathy Jones.pdf,OET/Materials ( To be Uploaded )/Writing/Nursing/Nursing Case Notes/Ms Cathy Jones.pdf,2954381,CaseNotes-candidate,,needs_review,yes,prepared-filesystem,8f0b036b027f,,unclassified by deterministic rules; requires admin review before publish
W-0165,nursing,update_discharge,importer-hint-map,yes,Nursing Case Notes,Ms Sheila Cartwright ( Discharge letter ).pdf,OET/Materials ( To be Uploaded )/Writing/Nursing/Nursing Case Notes/Ms Sheila Cartwright ( Discharge letter ).pdf,264122,CaseNotes-candidate,,,no,prepared-filesystem,e9953ff0e0d1,,
W-0166,nursing,Other,fallback-other,no,Nursing Case Notes,Nursing case notes 1.pdf,OET/Materials ( To be Uploaded )/Writing/Nursing/Nursing Case Notes/Nursing case notes 1.pdf,896840,CaseNotes,,needs_review,yes,prepared-filesystem,0e44c3140ed0,,unclassified by deterministic rules; requires admin review before publish
W-0167,nursing,Other,fallback-other,no,Nursing Case Notes,Nursing case notes 2.pdf,OET/Materials ( To be Uploaded )/Writing/Nursing/Nursing Case Notes/Nursing case notes 2.pdf,5676764,CaseNotes,,needs_review,yes,prepared-filesystem,9c79105d073f,,unclassified by deterministic rules; requires admin review before publish
W-0168,nursing,Other,fallback-other,no,Nursing Case Notes,Nursing letter sample.pdf,OET/Materials ( To be Uploaded )/Writing/Nursing/Nursing Case Notes/Nursing letter sample.pdf,745014,CaseNotes-candidate,,needs_review,yes,prepared-filesystem,c1fc415b420a,,unclassified by deterministic rules; requires admin review before publish
W-0169,nursing,Other,fallback-other,no,Nursing Case Notes,Peter Black.docx,OET/Materials ( To be Uploaded )/Writing/Nursing/Nursing Case Notes/Peter Black.docx,11750,CaseNotes-candidate,,needs_review,yes,prepared-filesystem,266f791f6d7c,,unclassified by deterministic rules; requires admin review before publish
W-0170,nursing,Other,fallback-other,no,Nursing Case Notes,robert 1.jpg,OET/Materials ( To be Uploaded )/Writing/Nursing/Nursing Case Notes/robert 1.jpg,38135,Supplementary,,needs_review,yes,prepared-filesystem,566e07663ed2,,unclassified by deterministic rules; requires admin review before publish
W-0171,nursing,Other,fallback-other,no,Nursing Case Notes,robert 2.jpg,OET/Materials ( To be Uploaded )/Writing/Nursing/Nursing Case Notes/robert 2.jpg,47547,Supplementary,,needs_review,yes,prepared-filesystem,68304630ce70,,unclassified by deterministic rules; requires admin review before publish
W-0172,nursing,update_discharge,importer-hint-map,yes,Nursing Corrected letters,Mr Lionel Ramamurthy ( Discharge Corrected letter ).pdf,OET/Materials ( To be Uploaded )/Writing/Nursing/Nursing Corrected letters/Mr Lionel Ramamurthy ( Discharge Corrected letter ).pdf,67201,ModelAnswer,,,no,prepared-filesystem,016023d36412,,
W-0173,nursing,Other,fallback-other,no,Nursing Corrected letters,Mr Stephen Kerry ( Referral letter Corrected ).pdf,OET/Materials ( To be Uploaded )/Writing/Nursing/Nursing Corrected letters/Mr Stephen Kerry ( Referral letter Corrected ).pdf,344687,ModelAnswer,,needs_review,yes,prepared-filesystem,a5c90bbc53fb,,unclassified by deterministic rules; requires admin review before publish
W-0174,nursing,urgent_referral,convention-parser-regex,yes,Nursing Corrected letters,Ms Patricia Styles ( Urgent Referral Corrected ).docx,OET/Materials ( To be Uploaded )/Writing/Nursing/Nursing Corrected letters/Ms Patricia Styles ( Urgent Referral Corrected ).docx,13708,ModelAnswer,,,no,prepared-filesystem,fbc0e09d50f0,,
W-0175,nursing,urgent_referral,convention-parser-regex,yes,Nursing Corrected letters,Ms Patricia Styles ( Urgent Referral Corrected ).pdf,OET/Materials ( To be Uploaded )/Writing/Nursing/Nursing Corrected letters/Ms Patricia Styles ( Urgent Referral Corrected ).pdf,74942,ModelAnswer,,,no,prepared-filesystem,90b626ff2b49,,
W-0176,nursing,Other,fallback-other,no,Nursing Official Samples,Jake Peterson ( Referral of a child ).pdf,OET/Materials ( To be Uploaded )/Writing/Nursing/Nursing Official Samples/Jake Peterson ( Referral of a child ).pdf,724170,CaseNotes-candidate,,needs_review,yes,prepared-filesystem,aec2c6950ae5,,unclassified by deterministic rules; requires admin review before publish
W-0177,nursing,update_discharge,importer-hint-map,yes,Nursing Official Samples,Mr George Gale ( Discharge letter ).pdf,OET/Materials ( To be Uploaded )/Writing/Nursing/Nursing Official Samples/Mr George Gale ( Discharge letter ).pdf,642663,CaseNotes-candidate,,,no,prepared-filesystem,098b09d90bb1,,
W-0178,nursing,update_discharge,importer-hint-map,yes,Nursing Official Samples,Mr Lionel Ramamurthy ( Discharge letter ).pdf,OET/Materials ( To be Uploaded )/Writing/Nursing/Nursing Official Samples/Mr Lionel Ramamurthy ( Discharge letter ).pdf,816636,CaseNotes-candidate,,,no,prepared-filesystem,8009a6c0766f,,
W-0179,nursing,transfer_letter,convention-parser-regex,yes,Nursing Official Samples,Mr Peter Dunbar ( Transfer letter ).pdf,OET/Materials ( To be Uploaded )/Writing/Nursing/Nursing Official Samples/Mr Peter Dunbar ( Transfer letter ).pdf,747143,CaseNotes-candidate,,,no,prepared-filesystem,ae8bac504a54,,
W-0180,nursing,urgent_referral,convention-parser-regex,yes,Nursing Official Samples,Ms Patricia Styles ( Urgent referral ).pdf,OET/Materials ( To be Uploaded )/Writing/Nursing/Nursing Official Samples/Ms Patricia Styles ( Urgent referral ).pdf,681929,CaseNotes-candidate,,,no,prepared-filesystem,6244c976286e,,
W-0181,nursing,Other,fallback-other,no,Nursing,Writing Criteria.pdf,OET/Materials ( To be Uploaded )/Writing/Nursing/Writing Criteria.pdf,131395,Reference,,needs_review,yes,prepared-filesystem,1af6f9c2f931,,unclassified by deterministic rules; requires admin review before publish
W-0182,pharmacy,update_discharge,importer-hint-map,yes,Mr. Colin Barrett - Discharge letter,Discharge letter ( Case notes ) - Mr. Collin Barrett .pdf,OET/Materials ( To be Uploaded )/Writing/Pharmacy/Corrected Letters/Mr. Colin Barrett - Discharge letter/Discharge letter ( Case notes ) - Mr. Collin Barrett .pdf,256298,CaseNotes,,,no,prepared-filesystem,fd9c779c6bb3,,
W-0183,pharmacy,update_discharge,importer-hint-map,yes,Mr. Colin Barrett - Discharge letter,Mr Colin Barrett.pdf,OET/Materials ( To be Uploaded )/Writing/Pharmacy/Corrected Letters/Mr. Colin Barrett - Discharge letter/Mr Colin Barrett.pdf,98124,CaseNotes-candidate,,,no,prepared-filesystem,9611f42b8454,,
W-0184,pharmacy,Other,fallback-other,no,Mr. Henry Styles - Advice & information letter - to the Pt himself,A letter to the pt himself ( Case notes ) - Mr. Henry Styles.pdf,OET/Materials ( To be Uploaded )/Writing/Pharmacy/Corrected Letters/Mr. Henry Styles - Advice & information letter - to the Pt himself/A letter to the pt himself ( Case notes ) - Mr. Henry Styles.pdf,324904,CaseNotes,,needs_review,yes,prepared-filesystem,2c127f7ee297,,unclassified by deterministic rules; requires admin review before publish
W-0185,pharmacy,routine_referral,convention-parser-regex,yes,Ms. Alexia Rollinson - Routine Referral,Ms Alexia Rollinson - Corrected letter .pdf,OET/Materials ( To be Uploaded )/Writing/Pharmacy/Corrected Letters/Ms. Alexia Rollinson - Routine Referral/Ms Alexia Rollinson - Corrected letter .pdf,349584,ModelAnswer,,,no,prepared-filesystem,a5777389238c,,
W-0186,pharmacy,routine_referral,convention-parser-regex,yes,Ms. Alexia Rollinson - Routine Referral,Referral letter ( Case notes ) - Ms. Alexia Rollinson.pdf,OET/Materials ( To be Uploaded )/Writing/Pharmacy/Corrected Letters/Ms. Alexia Rollinson - Routine Referral/Referral letter ( Case notes ) - Ms. Alexia Rollinson.pdf,791340,CaseNotes,,,no,prepared-filesystem,9a9cf4e77ad2,,
W-0187,pharmacy,Other,fallback-other,no,Pharmacy,Grammar Rules 1.pdf,OET/Materials ( To be Uploaded )/Writing/Pharmacy/Grammar Rules 1.pdf,1481315,Reference,,needs_review,yes,prepared-filesystem,ac2115de3f55,,unclassified by deterministic rules; requires admin review before publish
W-0188,pharmacy,Other,fallback-other,no,Pharmacy,Grammar Rules 2.pdf,OET/Materials ( To be Uploaded )/Writing/Pharmacy/Grammar Rules 2.pdf,151539,Reference,,needs_review,yes,prepared-filesystem,3269a9930d17,,unclassified by deterministic rules; requires admin review before publish
W-0189,pharmacy,Other,fallback-other,no,Pharmacy,Mr. Alex Roden.pdf,OET/Materials ( To be Uploaded )/Writing/Pharmacy/Mr. Alex Roden.pdf,300155,CaseNotes-candidate,,needs_review,yes,prepared-filesystem,b895e5aaead4,,unclassified by deterministic rules; requires admin review before publish
W-0190,pharmacy,Other,fallback-other,no,Official Samples,Pharmacy OET Sample 1.pdf,OET/Materials ( To be Uploaded )/Writing/Pharmacy/Official Samples/Pharmacy OET Sample 1.pdf,1232147,CaseNotes-candidate,,needs_review,yes,prepared-filesystem,ddff808ffb16,,unclassified by deterministic rules; requires admin review before publish
W-0191,pharmacy,Other,fallback-other,no,Official Samples,Pharmacy OET Sample 2.pdf,OET/Materials ( To be Uploaded )/Writing/Pharmacy/Official Samples/Pharmacy OET Sample 2.pdf,791340,CaseNotes-candidate,,needs_review,yes,prepared-filesystem,fb6a90a3d377,,unclassified by deterministic rules; requires admin review before publish
W-0192,pharmacy,Other,fallback-other,no,Official Samples,Pharmacy OET Sample 3.pdf,OET/Materials ( To be Uploaded )/Writing/Pharmacy/Official Samples/Pharmacy OET Sample 3.pdf,698171,CaseNotes-candidate,,needs_review,yes,prepared-filesystem,5318ca68590b,,unclassified by deterministic rules; requires admin review before publish
W-0193,pharmacy,Other,fallback-other,no,Official Samples,Pharmacy OET Sample 4.pdf,OET/Materials ( To be Uploaded )/Writing/Pharmacy/Official Samples/Pharmacy OET Sample 4.pdf,766832,CaseNotes-candidate,,needs_review,yes,prepared-filesystem,93d2733c37f4,,unclassified by deterministic rules; requires admin review before publish
W-0194,pharmacy,Other,fallback-other,no,Official Samples,Pharmacy OET Sample 5.pdf,OET/Materials ( To be Uploaded )/Writing/Pharmacy/Official Samples/Pharmacy OET Sample 5.pdf,574042,CaseNotes-candidate,,needs_review,yes,prepared-filesystem,5730d2ad6438,,unclassified by deterministic rules; requires admin review before publish
W-0195,pharmacy,Other,fallback-other,no,Pharmacy,Pharmacy Case notes 1.pdf,OET/Materials ( To be Uploaded )/Writing/Pharmacy/Pharmacy Case notes 1.pdf,6660322,CaseNotes,,needs_review,yes,prepared-filesystem,ed2c67aa2e9e,,unclassified by deterministic rules; requires admin review before publish
W-0196,pharmacy,Other,fallback-other,no,Pharmacy,Pharmacy Case notes 2.pdf,OET/Materials ( To be Uploaded )/Writing/Pharmacy/Pharmacy Case notes 2.pdf,333426,CaseNotes,,needs_review,yes,prepared-filesystem,8b329ed0f858,,unclassified by deterministic rules; requires admin review before publish
W-0197,pharmacy,Other,fallback-other,no,Pharmacy,Pharmacy Case Notes 3.pdf,OET/Materials ( To be Uploaded )/Writing/Pharmacy/Pharmacy Case Notes 3.pdf,6476364,CaseNotes,,needs_review,yes,prepared-filesystem,3fdfc0123514,,unclassified by deterministic rules; requires admin review before publish
W-0198,pharmacy,Other,fallback-other,no,Pharmacy,Writing Criteria.pdf,OET/Materials ( To be Uploaded )/Writing/Pharmacy/Writing Criteria.pdf,131395,Reference,,needs_review,yes,prepared-filesystem,f63115816591,,unclassified by deterministic rules; requires admin review before publish
W-0199,pharmacy,Other,fallback-other,no,Pharmacy,Writing-Booklet-Sample.pdf,OET/Materials ( To be Uploaded )/Writing/Pharmacy/Writing-Booklet-Sample.pdf,181860,Reference,,needs_review,yes,prepared-filesystem,f7ac23f0d243,,unclassified by deterministic rules; requires admin review before publish
W-0200,physiotherapy,Other,fallback-other,no,Physiotherapy,Grammar Rules 1.pdf,OET/Materials ( To be Uploaded )/Writing/Physiotherapy/Grammar Rules 1.pdf,1481315,Reference,,needs_review,yes,prepared-filesystem,8f6496786261,,unclassified by deterministic rules; requires admin review before publish
W-0201,physiotherapy,Other,fallback-other,no,Physiotherapy,Grammar Rules 2.pdf,OET/Materials ( To be Uploaded )/Writing/Physiotherapy/Grammar Rules 2.pdf,151539,Reference,,needs_review,yes,prepared-filesystem,91a8129c9bfd,,unclassified by deterministic rules; requires admin review before publish
W-0202,physiotherapy,Other,fallback-other,no,Physiotherapy,OET Writing Physiotherapy - Official Samples.pdf,OET/Materials ( To be Uploaded )/Writing/Physiotherapy/OET Writing Physiotherapy - Official Samples.pdf,1006430,CaseNotes-candidate,,needs_review,yes,prepared-filesystem,461a52a0c43b,,unclassified by deterministic rules; requires admin review before publish
W-0203,physiotherapy,Other,fallback-other,no,Physiotherapy,Writing Criteria.pdf,OET/Materials ( To be Uploaded )/Writing/Physiotherapy/Writing Criteria.pdf,131395,Reference,,needs_review,yes,prepared-filesystem,4648add32eea,,unclassified by deterministic rules; requires admin review before publish
W-0204,physiotherapy,Other,fallback-other,no,Physiotherapy,Writing-Booklet-Sample.pdf,OET/Materials ( To be Uploaded )/Writing/Physiotherapy/Writing-Booklet-Sample.pdf,181860,Reference,,needs_review,yes,prepared-filesystem,219a2fa25650,,unclassified by deterministic rules; requires admin review before publish
W-0205,radiography,Other,fallback-other,no,Radiography,Grammar Rules 1.pdf,OET/Materials ( To be Uploaded )/Writing/Radiography/Grammar Rules 1.pdf,1481315,Reference,,needs_review,yes,prepared-filesystem,8d832181f1c3,,unclassified by deterministic rules; requires admin review before publish
W-0206,radiography,Other,fallback-other,no,Radiography,Grammar Rules 2.pdf,OET/Materials ( To be Uploaded )/Writing/Radiography/Grammar Rules 2.pdf,151539,Reference,,needs_review,yes,prepared-filesystem,202583f5bb7f,,unclassified by deterministic rules; requires admin review before publish
W-0207,radiography,Other,fallback-other,no,Radiography,Radiography Writing Case Notes - Dr. Ahmed Hesham.pdf,OET/Materials ( To be Uploaded )/Writing/Radiography/Radiography Writing Case Notes - Dr. Ahmed Hesham.pdf,572604,CaseNotes,,needs_review,yes,prepared-filesystem,a6435cece063,,unclassified by deterministic rules; requires admin review before publish
W-0208,radiography,Other,fallback-other,no,Radiography,Radiography Writing Model Answers - Dr Ahmed Hesham.pdf,OET/Materials ( To be Uploaded )/Writing/Radiography/Radiography Writing Model Answers - Dr Ahmed Hesham.pdf,564502,ModelAnswer,,needs_review,yes,prepared-filesystem,351a710ececc,,unclassified by deterministic rules; requires admin review before publish
W-0209,radiography,Other,fallback-other,no,Radiography,Writing Criteria.pdf,OET/Materials ( To be Uploaded )/Writing/Radiography/Writing Criteria.pdf,131395,Reference,,needs_review,yes,prepared-filesystem,1cd8487bca76,,unclassified by deterministic rules; requires admin review before publish
W-0210,radiography,Other,fallback-other,no,Radiography,Writing-Booklet-Sample.pdf,OET/Materials ( To be Uploaded )/Writing/Radiography/Writing-Booklet-Sample.pdf,181860,Reference,,needs_review,yes,prepared-filesystem,f8ebfc1364e4,,unclassified by deterministic rules; requires admin review before publish
